{
  "blocks": {
    "rv_oc_h1": {
      "bear_2022": {
        "dm_vs_har": {
          "lstm_aux": {
            "mean_loss_diff": -0.040036809212062895,
            "p_value": 0.08901390970952394,
            "seed_sign_agreement": 1.0,
            "stat": -1.7072673451028597
          }
        },
        "n": 251,
        "qlike": {
          "har": 0.30754614975741185,
          "lstm_aux": 0.2675093405453489
        }
      },
      "calm_2021": {
        "dm_vs_har": {
          "lstm_aux": {
            "mean_loss_diff": -0.07051925686650953,
            "p_value": 0.0022977090104132625,
            "seed_sign_agreement": 1.0,
            "stat": -3.0803410750171913
          }
        },
        "n": 252,
        "qlike": {
          "har": 0.4109261728661448,
          "lstm_aux": 0.3404069159996353
        }
      },
      "covid_2020": {
        "dm_vs_har": {
          "lstm_aux": {
            "mean_loss_diff": -0.11784162834464369,
            "p_value": 0.006890415143966155,
            "seed_sign_agreement": 1.0,
            "stat": -2.7245197920410402
          }
        },
        "n": 253,
        "qlike": {
          "har": 0.541804863793668,
          "lstm_aux": 0.42396323544902426
        }
      },
      "recovery_2023_2026": {
        "dm_vs_har": {
          "lstm_aux": {
            "mean_loss_diff": -0.0542204873231579,
            "p_value": 0.001787534473338681,
            "seed_sign_agreement": 1.0,
            "stat": -3.133082607328183
          }
        },
        "n": 874,
        "qlike": {
          "har": 0.34593522566334745,
          "lstm_aux": 0.2917147383401895
        }
      }
    },
    "rv_oc_h5": {
      "bear_2022": {
        "dm_vs_har": {
          "lstm_aux": {
            "mean_loss_diff": -0.052933620266673975,
            "p_value": 0.07060005744413722,
            "seed_sign_agreement": 1.0,
            "stat": -1.8157928252139013
          }
        },
        "n": 251,
        "qlike": {
          "har": 0.16481198733900404,
          "lstm_aux": 0.11187836707233005
        }
      },
      "calm_2021": {
        "dm_vs_har": {
          "lstm_aux": {
            "mean_loss_diff": -0.02920670728937819,
            "p_value": 0.22309756036069084,
            "seed_sign_agreement": 1.0,
            "stat": -1.2213550287476795
          }
        },
        "n": 252,
        "qlike": {
          "har": 0.28077944315280107,
          "lstm_aux": 0.2515727358634228
        }
      },
      "covid_2020": {
        "dm_vs_har": {
          "lstm_aux": {
            "mean_loss_diff": -0.14899081186431054,
            "p_value": 0.014672501277830374,
            "seed_sign_agreement": 1.0,
            "stat": -2.4573130248965454
          }
        },
        "n": 253,
        "qlike": {
          "har": 0.5099975218705497,
          "lstm_aux": 0.3610067100062393
        }
      },
      "recovery_2023_2026": {
        "dm_vs_har": {
          "lstm_aux": {
            "mean_loss_diff": -0.027373349072414305,
            "p_value": 0.019163222268610225,
            "seed_sign_agreement": 1.0,
            "stat": -2.3467193585396786
          }
        },
        "n": 870,
        "qlike": {
          "har": 0.2230964277375121,
          "lstm_aux": 0.19572307866509775
        }
      }
    },
    "rv_tv_h1": {
      "bear_2022": {
        "dm_vs_har": {
          "lstm_aux": {
            "mean_loss_diff": -0.07213686870206301,
            "p_value": 0.03679147662260873,
            "seed_sign_agreement": 1.0,
            "stat": -2.099321260609035
          },
          "lstm_rvonly": {
            "mean_loss_diff": -0.037631983880773004,
            "p_value": 0.03489485934603387,
            "seed_sign_agreement": 1.0,
            "stat": -2.12113540035839
          }
        },
        "n": 251,
        "qlike": {
          "har": 0.3923836368523713,
          "lstm_aux": 0.3202467681503084,
          "lstm_rvonly": 0.3547516529715984
        }
      },
      "calm_2021": {
        "dm_vs_har": {
          "lstm_aux": {
            "mean_loss_diff": -0.09293860503015552,
            "p_value": 0.002278076751088598,
            "seed_sign_agreement": 1.0,
            "stat": -3.0829935282597956
          },
          "lstm_rvonly": {
            "mean_loss_diff": -0.0075089491245760795,
            "p_value": 0.6308432545304854,
            "seed_sign_agreement": 1.0,
            "stat": -0.48113000171883974
          }
        },
        "n": 252,
        "qlike": {
          "har": 0.49057394222019346,
          "lstm_aux": 0.3976353371900379,
          "lstm_rvonly": 0.4830649930956174
        }
      },
      "covid_2020": {
        "dm_vs_har": {
          "lstm_aux": {
            "mean_loss_diff": -0.17504654186635032,
            "p_value": 0.008982586616213206,
            "seed_sign_agreement": 1.0,
            "stat": -2.6331505235023682
          },
          "lstm_rvonly": {
            "mean_loss_diff": -0.017524165796792314,
            "p_value": 0.4331165789959326,
            "seed_sign_agreement": 1.0,
            "stat": -0.7851270545516674
          }
        },
        "n": 253,
        "qlike": {
          "har": 0.6911396558812881,
          "lstm_aux": 0.516093114014938,
          "lstm_rvonly": 0.6736154900844958
        }
      },
      "recovery_2023_2026": {
        "dm_vs_har": {
          "lstm_aux": {
            "mean_loss_diff": -0.05177248859695031,
            "p_value": 9.752847898414352e-05,
            "seed_sign_agreement": 1.0,
            "stat": -3.914793876263994
          },
          "lstm_rvonly": {
            "mean_loss_diff": 0.010693262124486297,
            "p_value": 0.2562463820197052,
            "seed_sign_agreement": 1.0,
            "stat": 1.1360524469320783
          }
        },
        "n": 874,
        "qlike": {
          "har": 0.4346177823224132,
          "lstm_aux": 0.3828452937254629,
          "lstm_rvonly": 0.44531104444689945
        }
      }
    },
    "rv_tv_h5": {
      "bear_2022": {
        "dm_vs_har": {
          "lstm_aux": {
            "mean_loss_diff": -0.0592880613993297,
            "p_value": 0.05011109194763974,
            "seed_sign_agreement": 1.0,
            "stat": -1.9685369059701594
          },
          "lstm_rvonly": {
            "mean_loss_diff": -0.022558280715005753,
            "p_value": 0.23322956791828986,
            "seed_sign_agreement": 1.0,
            "stat": -1.1949740173688281
          }
        },
        "n": 251,
        "qlike": {
          "har": 0.18522789252505162,
          "lstm_aux": 0.12593983112572193,
          "lstm_rvonly": 0.16266961181004586
        }
      },
      "calm_2021": {
        "dm_vs_har": {
          "lstm_aux": {
            "mean_loss_diff": -0.014361898982011847,
            "p_value": 0.5570189255462537,
            "seed_sign_agreement": 0.9,
            "stat": -0.5880627126773552
          },
          "lstm_rvonly": {
            "mean_loss_diff": 0.005780397751370296,
            "p_value": 0.7198679960714363,
            "seed_sign_agreement": 0.9,
            "stat": 0.35903867324836597
          }
        },
        "n": 252,
        "qlike": {
          "har": 0.28269495336452743,
          "lstm_aux": 0.26833305438251565,
          "lstm_rvonly": 0.2884753511158978
        }
      },
      "covid_2020": {
        "dm_vs_har": {
          "lstm_aux": {
            "mean_loss_diff": -0.163076462252247,
            "p_value": 0.01688396971969164,
            "seed_sign_agreement": 1.0,
            "stat": -2.405226731881543
          },
          "lstm_rvonly": {
            "mean_loss_diff": -0.02092394282448128,
            "p_value": 0.3247343801046578,